"Measure","Ethnicity","Ethnicity_type","Time","Type_of_role","Entry_level","Broad_grade","Specific_grade","Headcount","Denominator","Value","Value_type"
"Percentage of NHS staff in NHS trusts and CCGs","Asian","ONS 2001 6+1","as at September 2017","All","All","All","All","107531","1150296","9.3","%"
"Percentage of NHS staff in NHS trusts and CCGs","Black","ONS 2001 6+1","as at September 2017","All","All","All","All","65956","1150296","5.7","%"
"Percentage of NHS staff in NHS trusts and CCGs","Chinese","ONS 2001 6+1","as at September 2017","All","All","All","All","6303","1150296","0.5","%"
"Percentage of NHS staff in NHS trusts and CCGs","Mixed","ONS 2001 6+1","as at September 2017","All","All","All","All","18614","1150296","1.6","%"
"Percentage of NHS staff in NHS trusts and CCGs","White","ONS 2001 6+1","as at September 2017","All","All","All","All","928146","1150296","80.7","%"
"Percentage of NHS staff in NHS trusts and CCGs","Other","ONS 2001 6+1","as at September 2017","All","All","All","All","23746","1150296","2.1","%"
"Percentage of NHS staff in NHS trusts and CCGs","Unknown","ONS 2001 6+1","as at September 2017","All","All","All","All","53251","N/A","N/A","%"
"Percentage of NHS staff in NHS trusts and CCGs","All known","ONS 2001 6+1","as at September 2017","All","All","All","All","1150296","1150296","100","%"
"Percentage of NHS staff in NHS trusts and CCGs","Asian","ONS 2001 6+1","as at September 2017","Medical","All","All","All","30398","106677","28.5","%"
"Percentage of NHS staff in NHS trusts and CCGs","Black","ONS 2001 6+1","as at September 2017","Medical","All","All","All","4256","106677","4","%"
"Percentage of NHS staff in NHS trusts and CCGs","Chinese","ONS 2001 6+1","as at September 2017","Medical","All","All","All","2684","106677","2.5","%"
"Percentage of NHS staff in NHS trusts and CCGs","Mixed","ONS 2001 6+1","as at September 2017","Medical","All","All","All","3271","106677","3.1","%"
"Percentage of NHS staff in NHS trusts and CCGs","White","ONS 2001 6+1","as at September 2017","Medical","All","All","All","61809","106677","57.9","%"
"Percentage of NHS staff in NHS trusts and CCGs","Other","ONS 2001 6+1","as at September 2017","Medical","All","All","All","4259","106677","4","%"
"Percentage of NHS staff in NHS trusts and CCGs","Unknown","ONS 2001 6+1","as at September 2017","Medical","All","All","All","9750","N/A","N/A","%"
"Percentage of NHS staff in NHS trusts and CCGs","All known","ONS 2001 6+1","as at September 2017","Medical","All","All","All","106677","106677","100","%"
"Percentage of NHS staff in NHS trusts and CCGs","Asian","ONS 2001 6+1","as at September 2017","Non-medical","All","All","All","77133","1043619","7.4","%"
"Percentage of NHS staff in NHS trusts and CCGs","Black","ONS 2001 6+1","as at September 2017","Non-medical","All","All","All","61700","1043619","5.9","%"
"Percentage of NHS staff in NHS trusts and CCGs","Chinese","ONS 2001 6+1","as at September 2017","Non-medical","All","All","All","3619","1043619","0.3","%"
"Percentage of NHS staff in NHS trusts and CCGs","Mixed","ONS 2001 6+1","as at September 2017","Non-medical","All","All","All","15343","1043619","1.5","%"
"Percentage of NHS staff in NHS trusts and CCGs","White","ONS 2001 6+1","as at September 2017","Non-medical","All","All","All","866337","1043619","83","%"
"Percentage of NHS staff in NHS trusts and CCGs","Other","ONS 2001 6+1","as at September 2017","Non-medical","All","All","All","19487","1043619","1.9","%"
"Percentage of NHS staff in NHS trusts and CCGs","Unknown","ONS 2001 6+1","as at September 2017","Non-medical","All","All","All","43501","N/A","N/A","%"
"Percentage of NHS staff in NHS trusts and CCGs","All known","ONS 2001 6+1","as at September 2017","Non-medical","All","All","All","1043619","1043619","100","%"
"Percentage of NHS staff in NHS trusts and CCGs","Asian","ONS 2001 6+1","as at September 2017","Non-medical","Graduate","Very Senior Manager","Very Senior Manager","79","1900","4.2","%"
"Percentage of NHS staff in NHS trusts and CCGs","Black","ONS 2001 6+1","as at September 2017","Non-medical","Graduate","Very Senior Manager","Very Senior Manager","19","1900","1","%"
"Percentage of NHS staff in NHS trusts and CCGs","Chinese","ONS 2001 6+1","as at September 2017","Non-medical","Graduate","Very Senior Manager","Very Senior Manager","5","1900","0.3","%"
"Percentage of NHS staff in NHS trusts and CCGs","Mixed","ONS 2001 6+1","as at September 2017","Non-medical","Graduate","Very Senior Manager","Very Senior Manager","12","1900","0.6","%"
"Percentage of NHS staff in NHS trusts and CCGs","White","ONS 2001 6+1","as at September 2017","Non-medical","Graduate","Very Senior Manager","Very Senior Manager","1779","1900","93.6","%"
"Percentage of NHS staff in NHS trusts and CCGs","Other","ONS 2001 6+1","as at September 2017","Non-medical","Graduate","Very Senior Manager","Very Senior Manager","6","1900","0.3","%"
"Percentage of NHS staff in NHS trusts and CCGs","Unknown","ONS 2001 6+1","as at September 2017","Non-medical","Graduate","Very Senior Manager","Very Senior Manager","185","N/A","N/A","%"
"Percentage of NHS staff in NHS trusts and CCGs","All known","ONS 2001 6+1","as at September 2017","Non-medical","Graduate","Very Senior Manager","Very Senior Manager","1900","1900","100","%"
"Percentage of NHS staff in NHS trusts and CCGs","Asian","ONS 2001 6+1","as at September 2017","Non-medical","Graduate","Senior (Bands 8a-9)","Band 9","52","1391","3.7","%"
"Percentage of NHS staff in NHS trusts and CCGs","Black","ONS 2001 6+1","as at September 2017","Non-medical","Graduate","Senior (Bands 8a-9)","Band 9","23","1391","1.7","%"
"Percentage of NHS staff in NHS trusts and CCGs","Chinese","ONS 2001 6+1","as at September 2017","Non-medical","Graduate","Senior (Bands 8a-9)","Band 9","4","1391","0.3","%"
"Percentage of NHS staff in NHS trusts and CCGs","Mixed","ONS 2001 6+1","as at September 2017","Non-medical","Graduate","Senior (Bands 8a-9)","Band 9","17","1391","1.2","%"
"Percentage of NHS staff in NHS trusts and CCGs","White","ONS 2001 6+1","as at September 2017","Non-medical","Graduate","Senior (Bands 8a-9)","Band 9","1287","1391","92.5","%"
"Percentage of NHS staff in NHS trusts and CCGs","Other","ONS 2001 6+1","as at September 2017","Non-medical","Graduate","Senior (Bands 8a-9)","Band 9","8","1391","0.6","%"
"Percentage of NHS staff in NHS trusts and CCGs","Unknown","ONS 2001 6+1","as at September 2017","Non-medical","Graduate","Senior (Bands 8a-9)","Band 9","88","N/A","N/A","%"
"Percentage of NHS staff in NHS trusts and CCGs","All known","ONS 2001 6+1","as at September 2017","Non-medical","Graduate","Senior (Bands 8a-9)","Band 9","1391","1391","100","%"
"Percentage of NHS staff in NHS trusts and CCGs","Asian","ONS 2001 6+1","as at September 2017","Non-medical","Graduate","Senior (Bands 8a-9)","Band 8d","125","3686","3.4","%"
"Percentage of NHS staff in NHS trusts and CCGs","Black","ONS 2001 6+1","as at September 2017","Non-medical","Graduate","Senior (Bands 8a-9)","Band 8d","75","3686","2","%"
"Percentage of NHS staff in NHS trusts and CCGs","Chinese","ONS 2001 6+1","as at September 2017","Non-medical","Graduate","Senior (Bands 8a-9)","Band 8d","14","3686","0.4","%"
"Percentage of NHS staff in NHS trusts and CCGs","Mixed","ONS 2001 6+1","as at September 2017","Non-medical","Graduate","Senior (Bands 8a-9)","Band 8d","38","3686","1","%"
"Percentage of NHS staff in NHS trusts and CCGs","White","ONS 2001 6+1","as at September 2017","Non-medical","Graduate","Senior (Bands 8a-9)","Band 8d","3422","3686","92.8","%"
"Percentage of NHS staff in NHS trusts and CCGs","Other","ONS 2001 6+1","as at September 2017","Non-medical","Graduate","Senior (Bands 8a-9)","Band 8d","12","3686","0.3","%"
"Percentage of NHS staff in NHS trusts and CCGs","Unknown","ONS 2001 6+1","as at September 2017","Non-medical","Graduate","Senior (Bands 8a-9)","Band 8d","204","N/A","N/A","%"
"Percentage of NHS staff in NHS trusts and CCGs","All known","ONS 2001 6+1","as at September 2017","Non-medical","Graduate","Senior (Bands 8a-9)","Band 8d","3686","3686","100","%"
"Percentage of NHS staff in NHS trusts and CCGs","Asian","ONS 2001 6+1","as at September 2017","Non-medical","Graduate","Senior (Bands 8a-9)","Band 8c","332","7741","4.3","%"
"Percentage of NHS staff in NHS trusts and CCGs","Black","ONS 2001 6+1","as at September 2017","Non-medical","Graduate","Senior (Bands 8a-9)","Band 8c","180","7741","2.3","%"
"Percentage of NHS staff in NHS trusts and CCGs","Chinese","ONS 2001 6+1","as at September 2017","Non-medical","Graduate","Senior (Bands 8a-9)","Band 8c","31","7741","0.4","%"
"Percentage of NHS staff in NHS trusts and CCGs","Mixed","ONS 2001 6+1","as at September 2017","Non-medical","Graduate","Senior (Bands 8a-9)","Band 8c","92","7741","1.2","%"
"Percentage of NHS staff in NHS trusts and CCGs","White","ONS 2001 6+1","as at September 2017","Non-medical","Graduate","Senior (Bands 8a-9)","Band 8c","7056","7741","91.2","%"
"Percentage of NHS staff in NHS trusts and CCGs","Other","ONS 2001 6+1","as at September 2017","Non-medical","Graduate","Senior (Bands 8a-9)","Band 8c","50","7741","0.6","%"
"Percentage of NHS staff in NHS trusts and CCGs","Unknown","ONS 2001 6+1","as at September 2017","Non-medical","Graduate","Senior (Bands 8a-9)","Band 8c","336","N/A","N/A","%"
"Percentage of NHS staff in NHS trusts and CCGs","All known","ONS 2001 6+1","as at September 2017","Non-medical","Graduate","Senior (Bands 8a-9)","Band 8c","7741","7741","100","%"
"Percentage of NHS staff in NHS trusts and CCGs","Asian","ONS 2001 6+1","as at September 2017","Non-medical","Graduate","Senior (Bands 8a-9)","Band 8b","756","15006","5","%"
"Percentage of NHS staff in NHS trusts and CCGs","Black","ONS 2001 6+1","as at September 2017","Non-medical","Graduate","Senior (Bands 8a-9)","Band 8b","463","15006","3.1","%"
"Percentage of NHS staff in NHS trusts and CCGs","Chinese","ONS 2001 6+1","as at September 2017","Non-medical","Graduate","Senior (Bands 8a-9)","Band 8b","95","15006","0.6","%"
"Percentage of NHS staff in NHS trusts and CCGs","Mixed","ONS 2001 6+1","as at September 2017","Non-medical","Graduate","Senior (Bands 8a-9)","Band 8b","178","15006","1.2","%"
"Percentage of NHS staff in NHS trusts and CCGs","White","ONS 2001 6+1","as at September 2017","Non-medical","Graduate","Senior (Bands 8a-9)","Band 8b","13408","15006","89.4","%"
"Percentage of NHS staff in NHS trusts and CCGs","Other","ONS 2001 6+1","as at September 2017","Non-medical","Graduate","Senior (Bands 8a-9)","Band 8b","106","15006","0.7","%"
"Percentage of NHS staff in NHS trusts and CCGs","Unknown","ONS 2001 6+1","as at September 2017","Non-medical","Graduate","Senior (Bands 8a-9)","Band 8b","535","N/A","N/A","%"
"Percentage of NHS staff in NHS trusts and CCGs","All known","ONS 2001 6+1","as at September 2017","Non-medical","Graduate","Senior (Bands 8a-9)","Band 8b","15006","15006","100","%"
"Percentage of NHS staff in NHS trusts and CCGs","Asian","ONS 2001 6+1","as at September 2017","Non-medical","Graduate","Senior (Bands 8a-9)","Band 8a","2403","38302","6.3","%"
"Percentage of NHS staff in NHS trusts and CCGs","Black","ONS 2001 6+1","as at September 2017","Non-medical","Graduate","Senior (Bands 8a-9)","Band 8a","1405","38302","3.7","%"
"Percentage of NHS staff in NHS trusts and CCGs","Chinese","ONS 2001 6+1","as at September 2017","Non-medical","Graduate","Senior (Bands 8a-9)","Band 8a","237","38302","0.6","%"
"Percentage of NHS staff in NHS trusts and CCGs","Mixed","ONS 2001 6+1","as at September 2017","Non-medical","Graduate","Senior (Bands 8a-9)","Band 8a","500","38302","1.3","%"
"Percentage of NHS staff in NHS trusts and CCGs","White","ONS 2001 6+1","as at September 2017","Non-medical","Graduate","Senior (Bands 8a-9)","Band 8a","33377","38302","87.1","%"
"Percentage of NHS staff in NHS trusts and CCGs","Other","ONS 2001 6+1","as at September 2017","Non-medical","Graduate","Senior (Bands 8a-9)","Band 8a","380","38302","1","%"
"Percentage of NHS staff in NHS trusts and CCGs","Unknown","ONS 2001 6+1","as at September 2017","Non-medical","Graduate","Senior (Bands 8a-9)","Band 8a","1339","N/A","N/A","%"
"Percentage of NHS staff in NHS trusts and CCGs","All known","ONS 2001 6+1","as at September 2017","Non-medical","Graduate","Senior (Bands 8a-9)","Band 8a","38302","38302","100","%"
"Percentage of NHS staff in NHS trusts and CCGs","Asian","ONS 2001 6+1","as at September 2017","Non-medical","Graduate","Middle (Bands 5-7)","Band 7","6570","112080","5.9","%"
"Percentage of NHS staff in NHS trusts and CCGs","Black","ONS 2001 6+1","as at September 2017","Non-medical","Graduate","Middle (Bands 5-7)","Band 7","5109","112080","4.6","%"
"Percentage of NHS staff in NHS trusts and CCGs","Chinese","ONS 2001 6+1","as at September 2017","Non-medical","Graduate","Middle (Bands 5-7)","Band 7","652","112080","0.6","%"
"Percentage of NHS staff in NHS trusts and CCGs","Mixed","ONS 2001 6+1","as at September 2017","Non-medical","Graduate","Middle (Bands 5-7)","Band 7","1438","112080","1.3","%"
"Percentage of NHS staff in NHS trusts and CCGs","White","ONS 2001 6+1","as at September 2017","Non-medical","Graduate","Middle (Bands 5-7)","Band 7","96735","112080","86.3","%"
"Percentage of NHS staff in NHS trusts and CCGs","Other","ONS 2001 6+1","as at September 2017","Non-medical","Graduate","Middle (Bands 5-7)","Band 7","1576","112080","1.4","%"
"Percentage of NHS staff in NHS trusts and CCGs","Unknown","ONS 2001 6+1","as at September 2017","Non-medical","Graduate","Middle (Bands 5-7)","Band 7","3934","N/A","N/A","%"
"Percentage of NHS staff in NHS trusts and CCGs","All known","ONS 2001 6+1","as at September 2017","Non-medical","Graduate","Middle (Bands 5-7)","Band 7","112080","112080","100","%"
"Percentage of NHS staff in NHS trusts and CCGs","Asian","ONS 2001 6+1","as at September 2017","Non-medical","Graduate","Middle (Bands 5-7)","Band 6","13616","198604","6.9","%"
"Percentage of NHS staff in NHS trusts and CCGs","Black","ONS 2001 6+1","as at September 2017","Non-medical","Graduate","Middle (Bands 5-7)","Band 6","11617","198604","5.8","%"
"Percentage of NHS staff in NHS trusts and CCGs","Chinese","ONS 2001 6+1","as at September 2017","Non-medical","Graduate","Middle (Bands 5-7)","Band 6","842","198604","0.4","%"
"Percentage of NHS staff in NHS trusts and CCGs","Mixed","ONS 2001 6+1","as at September 2017","Non-medical","Graduate","Middle (Bands 5-7)","Band 6","2774","198604","1.4","%"
"Percentage of NHS staff in NHS trusts and CCGs","White","ONS 2001 6+1","as at September 2017","Non-medical","Graduate","Middle (Bands 5-7)","Band 6","165872","198604","83.5","%"
"Percentage of NHS staff in NHS trusts and CCGs","Other","ONS 2001 6+1","as at September 2017","Non-medical","Graduate","Middle (Bands 5-7)","Band 6","3883","198604","2","%"
"Percentage of NHS staff in NHS trusts and CCGs","Unknown","ONS 2001 6+1","as at September 2017","Non-medical","Graduate","Middle (Bands 5-7)","Band 6","7630","N/A","N/A","%"
"Percentage of NHS staff in NHS trusts and CCGs","All known","ONS 2001 6+1","as at September 2017","Non-medical","Graduate","Middle (Bands 5-7)","Band 6","198604","198604","100","%"
"Percentage of NHS staff in NHS trusts and CCGs","Asian","ONS 2001 6+1","as at September 2017","Non-medical","Graduate","Middle (Bands 5-7)","Band 5","22235","211135","10.5","%"
"Percentage of NHS staff in NHS trusts and CCGs","Black","ONS 2001 6+1","as at September 2017","Non-medical","Graduate","Middle (Bands 5-7)","Band 5","16260","211135","7.7","%"
"Percentage of NHS staff in NHS trusts and CCGs","Chinese","ONS 2001 6+1","as at September 2017","Non-medical","Graduate","Middle (Bands 5-7)","Band 5","811","211135","0.4","%"
"Percentage of NHS staff in NHS trusts and CCGs","Mixed","ONS 2001 6+1","as at September 2017","Non-medical","Graduate","Middle (Bands 5-7)","Band 5","3341","211135","1.6","%"
"Percentage of NHS staff in NHS trusts and CCGs","White","ONS 2001 6+1","as at September 2017","Non-medical","Graduate","Middle (Bands 5-7)","Band 5","161892","211135","76.7","%"
"Percentage of NHS staff in NHS trusts and CCGs","Other","ONS 2001 6+1","as at September 2017","Non-medical","Graduate","Middle (Bands 5-7)","Band 5","6596","211135","3.1","%"
"Percentage of NHS staff in NHS trusts and CCGs","Unknown","ONS 2001 6+1","as at September 2017","Non-medical","Graduate","Middle (Bands 5-7)","Band 5","9836","N/A","N/A","%"
"Percentage of NHS staff in NHS trusts and CCGs","All known","ONS 2001 6+1","as at September 2017","Non-medical","Graduate","Middle (Bands 5-7)","Band 5","211135","211135","100","%"
"Percentage of NHS staff in NHS trusts and CCGs","Asian","ONS 2001 6+1","as at September 2017","Non-medical","Non-graduate","Support (Bands 1-4)","Band 4","5333","91016","5.9","%"
"Percentage of NHS staff in NHS trusts and CCGs","Black","ONS 2001 6+1","as at September 2017","Non-medical","Non-graduate","Support (Bands 1-4)","Band 4","4378","91016","4.8","%"
"Percentage of NHS staff in NHS trusts and CCGs","Chinese","ONS 2001 6+1","as at September 2017","Non-medical","Non-graduate","Support (Bands 1-4)","Band 4","251","91016","0.3","%"
"Percentage of NHS staff in NHS trusts and CCGs","Mixed","ONS 2001 6+1","as at September 2017","Non-medical","Non-graduate","Support (Bands 1-4)","Band 4","1397","91016","1.5","%"
"Percentage of NHS staff in NHS trusts and CCGs","White","ONS 2001 6+1","as at September 2017","Non-medical","Non-graduate","Support (Bands 1-4)","Band 4","78823","91016","86.6","%"
"Percentage of NHS staff in NHS trusts and CCGs","Other","ONS 2001 6+1","as at September 2017","Non-medical","Non-graduate","Support (Bands 1-4)","Band 4","834","91016","0.9","%"
"Percentage of NHS staff in NHS trusts and CCGs","Unknown","ONS 2001 6+1","as at September 2017","Non-medical","Non-graduate","Support (Bands 1-4)","Band 4","3406","N/A","N/A","%"
"Percentage of NHS staff in NHS trusts and CCGs","All known","ONS 2001 6+1","as at September 2017","Non-medical","Non-graduate","Support (Bands 1-4)","Band 4","91016","91016","100","%"
"Percentage of NHS staff in NHS trusts and CCGs","Asian","ONS 2001 6+1","as at September 2017","Non-medical","Non-graduate","Support (Bands 1-4)","Band 3","8264","140133","5.9","%"
"Percentage of NHS staff in NHS trusts and CCGs","Black","ONS 2001 6+1","as at September 2017","Non-medical","Non-graduate","Support (Bands 1-4)","Band 3","8593","140133","6.1","%"
"Percentage of NHS staff in NHS trusts and CCGs","Chinese","ONS 2001 6+1","as at September 2017","Non-medical","Non-graduate","Support (Bands 1-4)","Band 3","257","140133","0.2","%"
"Percentage of NHS staff in NHS trusts and CCGs","Mixed","ONS 2001 6+1","as at September 2017","Non-medical","Non-graduate","Support (Bands 1-4)","Band 3","2087","140133","1.5","%"
"Percentage of NHS staff in NHS trusts and CCGs","White","ONS 2001 6+1","as at September 2017","Non-medical","Non-graduate","Support (Bands 1-4)","Band 3","119212","140133","85.1","%"
"Percentage of NHS staff in NHS trusts and CCGs","Other","ONS 2001 6+1","as at September 2017","Non-medical","Non-graduate","Support (Bands 1-4)","Band 3","1720","140133","1.2","%"
"Percentage of NHS staff in NHS trusts and CCGs","Unknown","ONS 2001 6+1","as at September 2017","Non-medical","Non-graduate","Support (Bands 1-4)","Band 3","5587","N/A","N/A","%"
"Percentage of NHS staff in NHS trusts and CCGs","All known","ONS 2001 6+1","as at September 2017","Non-medical","Non-graduate","Support (Bands 1-4)","Band 3","140133","140133","100","%"
"Percentage of NHS staff in NHS trusts and CCGs","Asian","ONS 2001 6+1","as at September 2017","Non-medical","Non-graduate","Support (Bands 1-4)","Band 2","13324","175285","7.6","%"
"Percentage of NHS staff in NHS trusts and CCGs","Black","ONS 2001 6+1","as at September 2017","Non-medical","Non-graduate","Support (Bands 1-4)","Band 2","10569","175285","6","%"
"Percentage of NHS staff in NHS trusts and CCGs","Chinese","ONS 2001 6+1","as at September 2017","Non-medical","Non-graduate","Support (Bands 1-4)","Band 2","314","175285","0.2","%"
"Percentage of NHS staff in NHS trusts and CCGs","Mixed","ONS 2001 6+1","as at September 2017","Non-medical","Non-graduate","Support (Bands 1-4)","Band 2","2691","175285","1.5","%"
"Percentage of NHS staff in NHS trusts and CCGs","White","ONS 2001 6+1","as at September 2017","Non-medical","Non-graduate","Support (Bands 1-4)","Band 2","144975","175285","82.7","%"
"Percentage of NHS staff in NHS trusts and CCGs","Other","ONS 2001 6+1","as at September 2017","Non-medical","Non-graduate","Support (Bands 1-4)","Band 2","3412","175285","1.9","%"
"Percentage of NHS staff in NHS trusts and CCGs","Unknown","ONS 2001 6+1","as at September 2017","Non-medical","Non-graduate","Support (Bands 1-4)","Band 2","7411","N/A","N/A","%"
"Percentage of NHS staff in NHS trusts and CCGs","All known","ONS 2001 6+1","as at September 2017","Non-medical","Non-graduate","Support (Bands 1-4)","Band 2","175285","175285","100","%"
"Percentage of NHS staff in NHS trusts and CCGs","Asian","ONS 2001 6+1","as at September 2017","Non-medical","Non-graduate","Support (Bands 1-4)","Band 1","2993","33421","9","%"
"Percentage of NHS staff in NHS trusts and CCGs","Black","ONS 2001 6+1","as at September 2017","Non-medical","Non-graduate","Support (Bands 1-4)","Band 1","2273","33421","6.8","%"
"Percentage of NHS staff in NHS trusts and CCGs","Chinese","ONS 2001 6+1","as at September 2017","Non-medical","Non-graduate","Support (Bands 1-4)","Band 1","71","33421","0.2","%"
"Percentage of NHS staff in NHS trusts and CCGs","Mixed","ONS 2001 6+1","as at September 2017","Non-medical","Non-graduate","Support (Bands 1-4)","Band 1","532","33421","1.6","%"
"Percentage of NHS staff in NHS trusts and CCGs","White","ONS 2001 6+1","as at September 2017","Non-medical","Non-graduate","Support (Bands 1-4)","Band 1","26826","33421","80.3","%"
"Percentage of NHS staff in NHS trusts and CCGs","Other","ONS 2001 6+1","as at September 2017","Non-medical","Non-graduate","Support (Bands 1-4)","Band 1","726","33421","2.2","%"
"Percentage of NHS staff in NHS trusts and CCGs","Unknown","ONS 2001 6+1","as at September 2017","Non-medical","Non-graduate","Support (Bands 1-4)","Band 1","1669","N/A","N/A","%"
"Percentage of NHS staff in NHS trusts and CCGs","All known","ONS 2001 6+1","as at September 2017","Non-medical","Non-graduate","Support (Bands 1-4)","Band 1","33421","33421","100","%"
"Percentage of NHS staff in NHS trusts and CCGs","Asian","ONS 2001 6+1","as at September 2017","Non-medical","Unspecified","Other grade","Other grade","1051","13919","7.6","%"
"Percentage of NHS staff in NHS trusts and CCGs","Black","ONS 2001 6+1","as at September 2017","Non-medical","Unspecified","Other grade","Other grade","736","13919","5.3","%"
"Percentage of NHS staff in NHS trusts and CCGs","Chinese","ONS 2001 6+1","as at September 2017","Non-medical","Unspecified","Other grade","Other grade","35","13919","0.3","%"
"Percentage of NHS staff in NHS trusts and CCGs","Mixed","ONS 2001 6+1","as at September 2017","Non-medical","Unspecified","Other grade","Other grade","246","13919","1.8","%"
"Percentage of NHS staff in NHS trusts and CCGs","White","ONS 2001 6+1","as at September 2017","Non-medical","Unspecified","Other grade","Other grade","11673","13919","83.9","%"
"Percentage of NHS staff in NHS trusts and CCGs","Other","ONS 2001 6+1","as at September 2017","Non-medical","Unspecified","Other grade","Other grade","178","13919","1.3","%"
"Percentage of NHS staff in NHS trusts and CCGs","Unknown","ONS 2001 6+1","as at September 2017","Non-medical","Unspecified","Other grade","Other grade","1341","N/A","N/A","%"
"Percentage of NHS staff in NHS trusts and CCGs","All known","ONS 2001 6+1","as at September 2017","Non-medical","Unspecified","Other grade","Other grade","13919","13919","100","%"
"Percentage of NHS staff in NHS trusts and CCGs","Asian","ONS 2001 6+1","as at September 2017","Medical","Graduate","Career grade (Senior doctors)","Consultant (including Directors of Public Health)","12775","45827","27.9","%"
"Percentage of NHS staff in NHS trusts and CCGs","Black","ONS 2001 6+1","as at September 2017","Medical","Graduate","Career grade (Senior doctors)","Consultant (including Directors of Public Health)","1301","45827","2.8","%"
"Percentage of NHS staff in NHS trusts and CCGs","Chinese","ONS 2001 6+1","as at September 2017","Medical","Graduate","Career grade (Senior doctors)","Consultant (including Directors of Public Health)","894","45827","2","%"
"Percentage of NHS staff in NHS trusts and CCGs","Mixed","ONS 2001 6+1","as at September 2017","Medical","Graduate","Career grade (Senior doctors)","Consultant (including Directors of Public Health)","992","45827","2.2","%"
"Percentage of NHS staff in NHS trusts and CCGs","White","ONS 2001 6+1","as at September 2017","Medical","Graduate","Career grade (Senior doctors)","Consultant (including Directors of Public Health)","28341","45827","61.8","%"
"Percentage of NHS staff in NHS trusts and CCGs","Other","ONS 2001 6+1","as at September 2017","Medical","Graduate","Career grade (Senior doctors)","Consultant (including Directors of Public Health)","1524","45827","3.3","%"
"Percentage of NHS staff in NHS trusts and CCGs","Unknown","ONS 2001 6+1","as at September 2017","Medical","Graduate","Career grade (Senior doctors)","Consultant (including Directors of Public Health)","2780","N/A","N/A","%"
"Percentage of NHS staff in NHS trusts and CCGs","All known","ONS 2001 6+1","as at September 2017","Medical","Graduate","Career grade (Senior doctors)","Consultant (including Directors of Public Health)","45827","45827","100","%"
"Percentage of NHS staff in NHS trusts and CCGs","Asian","ONS 2001 6+1","as at September 2017","Medical","Graduate","Career grade (Senior doctors)","Associate Specialist","896","2197","40.8","%"
"Percentage of NHS staff in NHS trusts and CCGs","Black","ONS 2001 6+1","as at September 2017","Medical","Graduate","Career grade (Senior doctors)","Associate Specialist","112","2197","5.1","%"
"Percentage of NHS staff in NHS trusts and CCGs","Chinese","ONS 2001 6+1","as at September 2017","Medical","Graduate","Career grade (Senior doctors)","Associate Specialist","17","2197","0.8","%"
"Percentage of NHS staff in NHS trusts and CCGs","Mixed","ONS 2001 6+1","as at September 2017","Medical","Graduate","Career grade (Senior doctors)","Associate Specialist","69","2197","3.1","%"
"Percentage of NHS staff in NHS trusts and CCGs","White","ONS 2001 6+1","as at September 2017","Medical","Graduate","Career grade (Senior doctors)","Associate Specialist","904","2197","41.1","%"
"Percentage of NHS staff in NHS trusts and CCGs","Other","ONS 2001 6+1","as at September 2017","Medical","Graduate","Career grade (Senior doctors)","Associate Specialist","199","2197","9.1","%"
"Percentage of NHS staff in NHS trusts and CCGs","Unknown","ONS 2001 6+1","as at September 2017","Medical","Graduate","Career grade (Senior doctors)","Associate Specialist","140","N/A","N/A","%"
"Percentage of NHS staff in NHS trusts and CCGs","All known","ONS 2001 6+1","as at September 2017","Medical","Graduate","Career grade (Senior doctors)","Associate Specialist","2197","2197","100","%"
"Percentage of NHS staff in NHS trusts and CCGs","Asian","ONS 2001 6+1","as at September 2017","Medical","Graduate","Career grade (Senior doctors)","Specialty Doctor","3107","7048","44.1","%"
"Percentage of NHS staff in NHS trusts and CCGs","Black","ONS 2001 6+1","as at September 2017","Medical","Graduate","Career grade (Senior doctors)","Specialty Doctor","361","7048","5.1","%"
"Percentage of NHS staff in NHS trusts and CCGs","Chinese","ONS 2001 6+1","as at September 2017","Medical","Graduate","Career grade (Senior doctors)","Specialty Doctor","67","7048","1","%"
"Percentage of NHS staff in NHS trusts and CCGs","Mixed","ONS 2001 6+1","as at September 2017","Medical","Graduate","Career grade (Senior doctors)","Specialty Doctor","210","7048","3","%"
"Percentage of NHS staff in NHS trusts and CCGs","White","ONS 2001 6+1","as at September 2017","Medical","Graduate","Career grade (Senior doctors)","Specialty Doctor","2806","7048","39.8","%"
"Percentage of NHS staff in NHS trusts and CCGs","Other","ONS 2001 6+1","as at September 2017","Medical","Graduate","Career grade (Senior doctors)","Specialty Doctor","497","7048","7.1","%"
"Percentage of NHS staff in NHS trusts and CCGs","Unknown","ONS 2001 6+1","as at September 2017","Medical","Graduate","Career grade (Senior doctors)","Specialty Doctor","589","N/A","N/A","%"
"Percentage of NHS staff in NHS trusts and CCGs","All known","ONS 2001 6+1","as at September 2017","Medical","Graduate","Career grade (Senior doctors)","Specialty Doctor","7048","7048","100","%"
"Percentage of NHS staff in NHS trusts and CCGs","Asian","ONS 2001 6+1","as at September 2017","Medical","Graduate","Career grade (Senior doctors)","Staff Grade","139","394","35.3","%"
"Percentage of NHS staff in NHS trusts and CCGs","Black","ONS 2001 6+1","as at September 2017","Medical","Graduate","Career grade (Senior doctors)","Staff Grade","31","394","7.9","%"
"Percentage of NHS staff in NHS trusts and CCGs","Chinese","ONS 2001 6+1","as at September 2017","Medical","Graduate","Career grade (Senior doctors)","Staff Grade","10","394","2.5","%"
"Percentage of NHS staff in NHS trusts and CCGs","Mixed","ONS 2001 6+1","as at September 2017","Medical","Graduate","Career grade (Senior doctors)","Staff Grade","17","394","4.3","%"
"Percentage of NHS staff in NHS trusts and CCGs","White","ONS 2001 6+1","as at September 2017","Medical","Graduate","Career grade (Senior doctors)","Staff Grade","177","394","44.9","%"
"Percentage of NHS staff in NHS trusts and CCGs","Other","ONS 2001 6+1","as at September 2017","Medical","Graduate","Career grade (Senior doctors)","Staff Grade","20","394","5.1","%"
"Percentage of NHS staff in NHS trusts and CCGs","Unknown","ONS 2001 6+1","as at September 2017","Medical","Graduate","Career grade (Senior doctors)","Staff Grade","38","N/A","N/A","%"
"Percentage of NHS staff in NHS trusts and CCGs","All known","ONS 2001 6+1","as at September 2017","Medical","Graduate","Career grade (Senior doctors)","Staff Grade","394","394","100","%"
"Percentage of NHS staff in NHS trusts and CCGs","Asian","ONS 2001 6+1","as at September 2017","Medical","Graduate","Training and equivalent (Junior doctors)","Specialty Registrar","8004","28478","28.1","%"
"Percentage of NHS staff in NHS trusts and CCGs","Black","ONS 2001 6+1","as at September 2017","Medical","Graduate","Training and equivalent (Junior doctors)","Specialty Registrar","1488","28478","5.2","%"
"Percentage of NHS staff in NHS trusts and CCGs","Chinese","ONS 2001 6+1","as at September 2017","Medical","Graduate","Training and equivalent (Junior doctors)","Specialty Registrar","958","28478","3.4","%"
"Percentage of NHS staff in NHS trusts and CCGs","Mixed","ONS 2001 6+1","as at September 2017","Medical","Graduate","Training and equivalent (Junior doctors)","Specialty Registrar","1080","28478","3.8","%"
"Percentage of NHS staff in NHS trusts and CCGs","White","ONS 2001 6+1","as at September 2017","Medical","Graduate","Training and equivalent (Junior doctors)","Specialty Registrar","15720","28478","55.2","%"
"Percentage of NHS staff in NHS trusts and CCGs","Other","ONS 2001 6+1","as at September 2017","Medical","Graduate","Training and equivalent (Junior doctors)","Specialty Registrar","1228","28478","4.3","%"
"Percentage of NHS staff in NHS trusts and CCGs","Unknown","ONS 2001 6+1","as at September 2017","Medical","Graduate","Training and equivalent (Junior doctors)","Specialty Registrar","3236","N/A","N/A","%"
"Percentage of NHS staff in NHS trusts and CCGs","All known","ONS 2001 6+1","as at September 2017","Medical","Graduate","Training and equivalent (Junior doctors)","Specialty Registrar","28478","28478","100","%"
"Percentage of NHS staff in NHS trusts and CCGs","Asian","ONS 2001 6+1","as at September 2017","Medical","Graduate","Training and equivalent (Junior doctors)","Core Training","2462","8895","27.7","%"
"Percentage of NHS staff in NHS trusts and CCGs","Black","ONS 2001 6+1","as at September 2017","Medical","Graduate","Training and equivalent (Junior doctors)","Core Training","477","8895","5.4","%"
"Percentage of NHS staff in NHS trusts and CCGs","Chinese","ONS 2001 6+1","as at September 2017","Medical","Graduate","Training and equivalent (Junior doctors)","Core Training","316","8895","3.6","%"
"Percentage of NHS staff in NHS trusts and CCGs","Mixed","ONS 2001 6+1","as at September 2017","Medical","Graduate","Training and equivalent (Junior doctors)","Core Training","388","8895","4.4","%"
"Percentage of NHS staff in NHS trusts and CCGs","White","ONS 2001 6+1","as at September 2017","Medical","Graduate","Training and equivalent (Junior doctors)","Core Training","4877","8895","54.8","%"
"Percentage of NHS staff in NHS trusts and CCGs","Other","ONS 2001 6+1","as at September 2017","Medical","Graduate","Training and equivalent (Junior doctors)","Core Training","375","8895","4.2","%"
"Percentage of NHS staff in NHS trusts and CCGs","Unknown","ONS 2001 6+1","as at September 2017","Medical","Graduate","Training and equivalent (Junior doctors)","Core Training","1013","N/A","N/A","%"
"Percentage of NHS staff in NHS trusts and CCGs","All known","ONS 2001 6+1","as at September 2017","Medical","Graduate","Training and equivalent (Junior doctors)","Core Training","8895","8895","100","%"
"Percentage of NHS staff in NHS trusts and CCGs","Asian","ONS 2001 6+1","as at September 2017","Medical","Graduate","Training and equivalent (Junior doctors)","Foundation Doctor Year 2","1375","5698","24.1","%"
"Percentage of NHS staff in NHS trusts and CCGs","Black","ONS 2001 6+1","as at September 2017","Medical","Graduate","Training and equivalent (Junior doctors)","Foundation Doctor Year 2","235","5698","4.1","%"
"Percentage of NHS staff in NHS trusts and CCGs","Chinese","ONS 2001 6+1","as at September 2017","Medical","Graduate","Training and equivalent (Junior doctors)","Foundation Doctor Year 2","178","5698","3.1","%"
"Percentage of NHS staff in NHS trusts and CCGs","Mixed","ONS 2001 6+1","as at September 2017","Medical","Graduate","Training and equivalent (Junior doctors)","Foundation Doctor Year 2","228","5698","4","%"
"Percentage of NHS staff in NHS trusts and CCGs","White","ONS 2001 6+1","as at September 2017","Medical","Graduate","Training and equivalent (Junior doctors)","Foundation Doctor Year 2","3481","5698","61.1","%"
"Percentage of NHS staff in NHS trusts and CCGs","Other","ONS 2001 6+1","as at September 2017","Medical","Graduate","Training and equivalent (Junior doctors)","Foundation Doctor Year 2","201","5698","3.5","%"
"Percentage of NHS staff in NHS trusts and CCGs","Unknown","ONS 2001 6+1","as at September 2017","Medical","Graduate","Training and equivalent (Junior doctors)","Foundation Doctor Year 2","860","N/A","N/A","%"
"Percentage of NHS staff in NHS trusts and CCGs","All known","ONS 2001 6+1","as at September 2017","Medical","Graduate","Training and equivalent (Junior doctors)","Foundation Doctor Year 2","5698","5698","100","%"
"Percentage of NHS staff in NHS trusts and CCGs","Asian","ONS 2001 6+1","as at September 2017","Medical","Graduate","Training and equivalent (Junior doctors)","Foundation Doctor Year 1","1117","5388","20.7","%"
"Percentage of NHS staff in NHS trusts and CCGs","Black","ONS 2001 6+1","as at September 2017","Medical","Graduate","Training and equivalent (Junior doctors)","Foundation Doctor Year 1","203","5388","3.8","%"
"Percentage of NHS staff in NHS trusts and CCGs","Chinese","ONS 2001 6+1","as at September 2017","Medical","Graduate","Training and equivalent (Junior doctors)","Foundation Doctor Year 1","219","5388","4.1","%"
"Percentage of NHS staff in NHS trusts and CCGs","Mixed","ONS 2001 6+1","as at September 2017","Medical","Graduate","Training and equivalent (Junior doctors)","Foundation Doctor Year 1","233","5388","4.3","%"
"Percentage of NHS staff in NHS trusts and CCGs","White","ONS 2001 6+1","as at September 2017","Medical","Graduate","Training and equivalent (Junior doctors)","Foundation Doctor Year 1","3459","5388","64.2","%"
"Percentage of NHS staff in NHS trusts and CCGs","Other","ONS 2001 6+1","as at September 2017","Medical","Graduate","Training and equivalent (Junior doctors)","Foundation Doctor Year 1","157","5388","2.9","%"
"Percentage of NHS staff in NHS trusts and CCGs","Unknown","ONS 2001 6+1","as at September 2017","Medical","Graduate","Training and equivalent (Junior doctors)","Foundation Doctor Year 1","775","N/A","N/A","%"
"Percentage of NHS staff in NHS trusts and CCGs","All known","ONS 2001 6+1","as at September 2017","Medical","Graduate","Training and equivalent (Junior doctors)","Foundation Doctor Year 1","5388","5388","100","%"
"Percentage of NHS staff in NHS trusts and CCGs","Asian","ONS 2001 6+1","as at September 2017","Medical","Graduate","Other doctor grades","Hospital Practitioner / Clinical Assistant","264","1519","17.4","%"
"Percentage of NHS staff in NHS trusts and CCGs","Black","ONS 2001 6+1","as at September 2017","Medical","Graduate","Other doctor grades","Hospital Practitioner / Clinical Assistant","22","1519","1.4","%"
"Percentage of NHS staff in NHS trusts and CCGs","Chinese","ONS 2001 6+1","as at September 2017","Medical","Graduate","Other doctor grades","Hospital Practitioner / Clinical Assistant","7","1519","0.5","%"
"Percentage of NHS staff in NHS trusts and CCGs","Mixed","ONS 2001 6+1","as at September 2017","Medical","Graduate","Other doctor grades","Hospital Practitioner / Clinical Assistant","21","1519","1.4","%"
"Percentage of NHS staff in NHS trusts and CCGs","White","ONS 2001 6+1","as at September 2017","Medical","Graduate","Other doctor grades","Hospital Practitioner / Clinical Assistant","1177","1519","77.5","%"
"Percentage of NHS staff in NHS trusts and CCGs","Other","ONS 2001 6+1","as at September 2017","Medical","Graduate","Other doctor grades","Hospital Practitioner / Clinical Assistant","28","1519","1.8","%"
"Percentage of NHS staff in NHS trusts and CCGs","Unknown","ONS 2001 6+1","as at September 2017","Medical","Graduate","Other doctor grades","Hospital Practitioner / Clinical Assistant","203","N/A","N/A","%"
"Percentage of NHS staff in NHS trusts and CCGs","All known","ONS 2001 6+1","as at September 2017","Medical","Graduate","Other doctor grades","Hospital Practitioner / Clinical Assistant","1519","1519","100","%"
"Percentage of NHS staff in NHS trusts and CCGs","Asian","ONS 2001 6+1","as at September 2017","Medical","Graduate","Other doctor grades","Other and Local Hospital and Community Health Services Doctor Grades","259","1233","21","%"
"Percentage of NHS staff in NHS trusts and CCGs","Black","ONS 2001 6+1","as at September 2017","Medical","Graduate","Other doctor grades","Other and Local Hospital and Community Health Services Doctor Grades","26","1233","2.1","%"
"Percentage of NHS staff in NHS trusts and CCGs","Chinese","ONS 2001 6+1","as at September 2017","Medical","Graduate","Other doctor grades","Other and Local Hospital and Community Health Services Doctor Grades","18","1233","1.5","%"
"Percentage of NHS staff in NHS trusts and CCGs","Mixed","ONS 2001 6+1","as at September 2017","Medical","Graduate","Other doctor grades","Other and Local Hospital and Community Health Services Doctor Grades","33","1233","2.7","%"
"Percentage of NHS staff in NHS trusts and CCGs","White","ONS 2001 6+1","as at September 2017","Medical","Graduate","Other doctor grades","Other and Local Hospital and Community Health Services Doctor Grades","867","1233","70.3","%"
"Percentage of NHS staff in NHS trusts and CCGs","Other","ONS 2001 6+1","as at September 2017","Medical","Graduate","Other doctor grades","Other and Local Hospital and Community Health Services Doctor Grades","30","1233","2.4","%"
"Percentage of NHS staff in NHS trusts and CCGs","Unknown","ONS 2001 6+1","as at September 2017","Medical","Graduate","Other doctor grades","Other and Local Hospital and Community Health Services Doctor Grades","116","N/A","N/A","%"
"Percentage of NHS staff in NHS trusts and CCGs","All known","ONS 2001 6+1","as at September 2017","Medical","Graduate","Other doctor grades","Other and Local Hospital and Community Health Services Doctor Grades","1233","1233","100","%"
"Percentage of NHS staff in NHS trusts and CCGs","Asian","ONS 2001 6+1","as at Mar 2018","All","All","All","All","111465","1161893","9.6","%"
"Percentage of NHS staff in NHS trusts and CCGs","Black","ONS 2001 6+1","as at Mar 2018","All","All","All","All","68251","1161893","5.9","%"
"Percentage of NHS staff in NHS trusts and CCGs","Chinese","ONS 2001 6+1","as at Mar 2018","All","All","All","All","6412","1161893","0.6","%"
"Percentage of NHS staff in NHS trusts and CCGs","Mixed","ONS 2001 6+1","as at Mar 2018","All","All","All","All","19363","1161893","1.7","%"
"Percentage of NHS staff in NHS trusts and CCGs","White","ONS 2001 6+1","as at Mar 2018","All","All","All","All","931704","1161893","80.2","%"
"Percentage of NHS staff in NHS trusts and CCGs","Other","ONS 2001 6+1","as at Mar 2018","All","All","All","All","24698","1161893","2.1","%"
"Percentage of NHS staff in NHS trusts and CCGs","Unknown","ONS 2001 6+1","as at Mar 2018","All","All","All","All","53780","N/A","N/A","%"
"Percentage of NHS staff in NHS trusts and CCGs","All known","ONS 2001 6+1","as at Mar 2018","All","All","All","All","1161893","1161893","100","%"
"Percentage of NHS staff in NHS trusts and CCGs","Asian","ONS 2001 6+1","as at Mar 2018","Medical","All","All","All","31030","107410","28.9","%"
"Percentage of NHS staff in NHS trusts and CCGs","Black","ONS 2001 6+1","as at Mar 2018","Medical","All","All","All","4529","107410","4.2","%"
"Percentage of NHS staff in NHS trusts and CCGs","Chinese","ONS 2001 6+1","as at Mar 2018","Medical","All","All","All","2726","107410","2.5","%"
"Percentage of NHS staff in NHS trusts and CCGs","Mixed","ONS 2001 6+1","as at Mar 2018","Medical","All","All","All","3368","107410","3.1","%"
"Percentage of NHS staff in NHS trusts and CCGs","White","ONS 2001 6+1","as at Mar 2018","Medical","All","All","All","61360","107410","57.1","%"
"Percentage of NHS staff in NHS trusts and CCGs","Other","ONS 2001 6+1","as at Mar 2018","Medical","All","All","All","4397","107410","4.1","%"
"Percentage of NHS staff in NHS trusts and CCGs","Unknown","ONS 2001 6+1","as at Mar 2018","Medical","All","All","All","9528","N/A","N/A","%"
"Percentage of NHS staff in NHS trusts and CCGs","All known","ONS 2001 6+1","as at Mar 2018","Medical","All","All","All","107410","107410","100","%"
"Percentage of NHS staff in NHS trusts and CCGs","Asian","ONS 2001 6+1","as at Mar 2018","Non-medical","All","All","All","80435","1054483","7.6","%"
"Percentage of NHS staff in NHS trusts and CCGs","Black","ONS 2001 6+1","as at Mar 2018","Non-medical","All","All","All","63722","1054483","6","%"
"Percentage of NHS staff in NHS trusts and CCGs","Chinese","ONS 2001 6+1","as at Mar 2018","Non-medical","All","All","All","3686","1054483","0.3","%"
"Percentage of NHS staff in NHS trusts and CCGs","Mixed","ONS 2001 6+1","as at Mar 2018","Non-medical","All","All","All","15995","1054483","1.5","%"
"Percentage of NHS staff in NHS trusts and CCGs","White","ONS 2001 6+1","as at Mar 2018","Non-medical","All","All","All","870344","1054483","82.5","%"
"Percentage of NHS staff in NHS trusts and CCGs","Other","ONS 2001 6+1","as at Mar 2018","Non-medical","All","All","All","20301","1054483","1.9","%"
"Percentage of NHS staff in NHS trusts and CCGs","Unknown","ONS 2001 6+1","as at Mar 2018","Non-medical","All","All","All","44252","N/A","N/A","%"
"Percentage of NHS staff in NHS trusts and CCGs","All known","ONS 2001 6+1","as at Mar 2018","Non-medical","All","All","All","1054483","1054483","100","%"
"Percentage of NHS staff in NHS trusts and CCGs","Asian","ONS 2001 6+1","as at Mar 2018","Non-medical","Graduate","Very Senior Manager","Very Senior Manager","80","1905","4.2","%"
"Percentage of NHS staff in NHS trusts and CCGs","Black","ONS 2001 6+1","as at Mar 2018","Non-medical","Graduate","Very Senior Manager","Very Senior Manager","19","1905","1","%"
"Percentage of NHS staff in NHS trusts and CCGs","Chinese","ONS 2001 6+1","as at Mar 2018","Non-medical","Graduate","Very Senior Manager","Very Senior Manager","4","1905","0.2","%"
"Percentage of NHS staff in NHS trusts and CCGs","Mixed","ONS 2001 6+1","as at Mar 2018","Non-medical","Graduate","Very Senior Manager","Very Senior Manager","13","1905","0.7","%"
"Percentage of NHS staff in NHS trusts and CCGs","White","ONS 2001 6+1","as at Mar 2018","Non-medical","Graduate","Very Senior Manager","Very Senior Manager","1783","1905","93.6","%"
"Percentage of NHS staff in NHS trusts and CCGs","Other","ONS 2001 6+1","as at Mar 2018","Non-medical","Graduate","Very Senior Manager","Very Senior Manager","6","1905","0.3","%"
"Percentage of NHS staff in NHS trusts and CCGs","Unknown","ONS 2001 6+1","as at Mar 2018","Non-medical","Graduate","Very Senior Manager","Very Senior Manager","204","N/A","N/A","%"
"Percentage of NHS staff in NHS trusts and CCGs","All known","ONS 2001 6+1","as at Mar 2018","Non-medical","Graduate","Very Senior Manager","Very Senior Manager","1905","1905","100","%"
"Percentage of NHS staff in NHS trusts and CCGs","Asian","ONS 2001 6+1","as at Mar 2018","Non-medical","Graduate","Senior (Bands 8a-9)","Band 9","49","1436","3.4","%"
"Percentage of NHS staff in NHS trusts and CCGs","Black","ONS 2001 6+1","as at Mar 2018","Non-medical","Graduate","Senior (Bands 8a-9)","Band 9","25","1436","1.7","%"
"Percentage of NHS staff in NHS trusts and CCGs","Chinese","ONS 2001 6+1","as at Mar 2018","Non-medical","Graduate","Senior (Bands 8a-9)","Band 9","3","1436","0.2","%"
"Percentage of NHS staff in NHS trusts and CCGs","Mixed","ONS 2001 6+1","as at Mar 2018","Non-medical","Graduate","Senior (Bands 8a-9)","Band 9","20","1436","1.4","%"
"Percentage of NHS staff in NHS trusts and CCGs","White","ONS 2001 6+1","as at Mar 2018","Non-medical","Graduate","Senior (Bands 8a-9)","Band 9","1331","1436","92.7","%"
"Percentage of NHS staff in NHS trusts and CCGs","Other","ONS 2001 6+1","as at Mar 2018","Non-medical","Graduate","Senior (Bands 8a-9)","Band 9","8","1436","0.6","%"
"Percentage of NHS staff in NHS trusts and CCGs","Unknown","ONS 2001 6+1","as at Mar 2018","Non-medical","Graduate","Senior (Bands 8a-9)","Band 9","86","N/A","N/A","%"
"Percentage of NHS staff in NHS trusts and CCGs","All known","ONS 2001 6+1","as at Mar 2018","Non-medical","Graduate","Senior (Bands 8a-9)","Band 9","1436","1436","100","%"
"Percentage of NHS staff in NHS trusts and CCGs","Asian","ONS 2001 6+1","as at Mar 2018","Non-medical","Graduate","Senior (Bands 8a-9)","Band 8d","133","3732","3.6","%"
"Percentage of NHS staff in NHS trusts and CCGs","Black","ONS 2001 6+1","as at Mar 2018","Non-medical","Graduate","Senior (Bands 8a-9)","Band 8d","82","3732","2.2","%"
"Percentage of NHS staff in NHS trusts and CCGs","Chinese","ONS 2001 6+1","as at Mar 2018","Non-medical","Graduate","Senior (Bands 8a-9)","Band 8d","15","3732","0.4","%"
"Percentage of NHS staff in NHS trusts and CCGs","Mixed","ONS 2001 6+1","as at Mar 2018","Non-medical","Graduate","Senior (Bands 8a-9)","Band 8d","39","3732","1","%"
"Percentage of NHS staff in NHS trusts and CCGs","White","ONS 2001 6+1","as at Mar 2018","Non-medical","Graduate","Senior (Bands 8a-9)","Band 8d","3449","3732","92.4","%"
"Percentage of NHS staff in NHS trusts and CCGs","Other","ONS 2001 6+1","as at Mar 2018","Non-medical","Graduate","Senior (Bands 8a-9)","Band 8d","14","3732","0.4","%"
"Percentage of NHS staff in NHS trusts and CCGs","Unknown","ONS 2001 6+1","as at Mar 2018","Non-medical","Graduate","Senior (Bands 8a-9)","Band 8d","188","N/A","N/A","%"
"Percentage of NHS staff in NHS trusts and CCGs","All known","ONS 2001 6+1","as at Mar 2018","Non-medical","Graduate","Senior (Bands 8a-9)","Band 8d","3732","3732","100","%"
"Percentage of NHS staff in NHS trusts and CCGs","Asian","ONS 2001 6+1","as at Mar 2018","Non-medical","Graduate","Senior (Bands 8a-9)","Band 8c","333","7852","4.2","%"
"Percentage of NHS staff in NHS trusts and CCGs","Black","ONS 2001 6+1","as at Mar 2018","Non-medical","Graduate","Senior (Bands 8a-9)","Band 8c","186","7852","2.4","%"
"Percentage of NHS staff in NHS trusts and CCGs","Chinese","ONS 2001 6+1","as at Mar 2018","Non-medical","Graduate","Senior (Bands 8a-9)","Band 8c","32","7852","0.4","%"
"Percentage of NHS staff in NHS trusts and CCGs","Mixed","ONS 2001 6+1","as at Mar 2018","Non-medical","Graduate","Senior (Bands 8a-9)","Band 8c","92","7852","1.2","%"
"Percentage of NHS staff in NHS trusts and CCGs","White","ONS 2001 6+1","as at Mar 2018","Non-medical","Graduate","Senior (Bands 8a-9)","Band 8c","7159","7852","91.2","%"
"Percentage of NHS staff in NHS trusts and CCGs","Other","ONS 2001 6+1","as at Mar 2018","Non-medical","Graduate","Senior (Bands 8a-9)","Band 8c","50","7852","0.6","%"
"Percentage of NHS staff in NHS trusts and CCGs","Unknown","ONS 2001 6+1","as at Mar 2018","Non-medical","Graduate","Senior (Bands 8a-9)","Band 8c","329","N/A","N/A","%"
"Percentage of NHS staff in NHS trusts and CCGs","All known","ONS 2001 6+1","as at Mar 2018","Non-medical","Graduate","Senior (Bands 8a-9)","Band 8c","7852","7852","100","%"
"Percentage of NHS staff in NHS trusts and CCGs","Asian","ONS 2001 6+1","as at Mar 2018","Non-medical","Graduate","Senior (Bands 8a-9)","Band 8b","802","15425","5.2","%"
"Percentage of NHS staff in NHS trusts and CCGs","Black","ONS 2001 6+1","as at Mar 2018","Non-medical","Graduate","Senior (Bands 8a-9)","Band 8b","485","15425","3.1","%"
"Percentage of NHS staff in NHS trusts and CCGs","Chinese","ONS 2001 6+1","as at Mar 2018","Non-medical","Graduate","Senior (Bands 8a-9)","Band 8b","97","15425","0.6","%"
"Percentage of NHS staff in NHS trusts and CCGs","Mixed","ONS 2001 6+1","as at Mar 2018","Non-medical","Graduate","Senior (Bands 8a-9)","Band 8b","179","15425","1.2","%"
"Percentage of NHS staff in NHS trusts and CCGs","White","ONS 2001 6+1","as at Mar 2018","Non-medical","Graduate","Senior (Bands 8a-9)","Band 8b","13744","15425","89.1","%"
"Percentage of NHS staff in NHS trusts and CCGs","Other","ONS 2001 6+1","as at Mar 2018","Non-medical","Graduate","Senior (Bands 8a-9)","Band 8b","118","15425","0.8","%"
"Percentage of NHS staff in NHS trusts and CCGs","Unknown","ONS 2001 6+1","as at Mar 2018","Non-medical","Graduate","Senior (Bands 8a-9)","Band 8b","562","N/A","N/A","%"
"Percentage of NHS staff in NHS trusts and CCGs","All known","ONS 2001 6+1","as at Mar 2018","Non-medical","Graduate","Senior (Bands 8a-9)","Band 8b","15425","15425","100","%"
"Percentage of NHS staff in NHS trusts and CCGs","Asian","ONS 2001 6+1","as at Mar 2018","Non-medical","Graduate","Senior (Bands 8a-9)","Band 8a","2579","39687","6.5","%"
"Percentage of NHS staff in NHS trusts and CCGs","Black","ONS 2001 6+1","as at Mar 2018","Non-medical","Graduate","Senior (Bands 8a-9)","Band 8a","1469","39687","3.7","%"
"Percentage of NHS staff in NHS trusts and CCGs","Chinese","ONS 2001 6+1","as at Mar 2018","Non-medical","Graduate","Senior (Bands 8a-9)","Band 8a","257","39687","0.6","%"
"Percentage of NHS staff in NHS trusts and CCGs","Mixed","ONS 2001 6+1","as at Mar 2018","Non-medical","Graduate","Senior (Bands 8a-9)","Band 8a","546","39687","1.4","%"
"Percentage of NHS staff in NHS trusts and CCGs","White","ONS 2001 6+1","as at Mar 2018","Non-medical","Graduate","Senior (Bands 8a-9)","Band 8a","34425","39687","86.7","%"
"Percentage of NHS staff in NHS trusts and CCGs","Other","ONS 2001 6+1","as at Mar 2018","Non-medical","Graduate","Senior (Bands 8a-9)","Band 8a","411","39687","1","%"
"Percentage of NHS staff in NHS trusts and CCGs","Unknown","ONS 2001 6+1","as at Mar 2018","Non-medical","Graduate","Senior (Bands 8a-9)","Band 8a","1353","N/A","N/A","%"
"Percentage of NHS staff in NHS trusts and CCGs","All known","ONS 2001 6+1","as at Mar 2018","Non-medical","Graduate","Senior (Bands 8a-9)","Band 8a","39687","39687","100","%"
"Percentage of NHS staff in NHS trusts and CCGs","Asian","ONS 2001 6+1","as at Mar 2018","Non-medical","Graduate","Middle (Bands 5-7)","Band 7","6954","114245","6.1","%"
"Percentage of NHS staff in NHS trusts and CCGs","Black","ONS 2001 6+1","as at Mar 2018","Non-medical","Graduate","Middle (Bands 5-7)","Band 7","5343","114245","4.7","%"
"Percentage of NHS staff in NHS trusts and CCGs","Chinese","ONS 2001 6+1","as at Mar 2018","Non-medical","Graduate","Middle (Bands 5-7)","Band 7","639","114245","0.6","%"
"Percentage of NHS staff in NHS trusts and CCGs","Mixed","ONS 2001 6+1","as at Mar 2018","Non-medical","Graduate","Middle (Bands 5-7)","Band 7","1490","114245","1.3","%"
"Percentage of NHS staff in NHS trusts and CCGs","White","ONS 2001 6+1","as at Mar 2018","Non-medical","Graduate","Middle (Bands 5-7)","Band 7","98163","114245","85.9","%"
"Percentage of NHS staff in NHS trusts and CCGs","Other","ONS 2001 6+1","as at Mar 2018","Non-medical","Graduate","Middle (Bands 5-7)","Band 7","1656","114245","1.4","%"
"Percentage of NHS staff in NHS trusts and CCGs","Unknown","ONS 2001 6+1","as at Mar 2018","Non-medical","Graduate","Middle (Bands 5-7)","Band 7","4011","N/A","N/A","%"
"Percentage of NHS staff in NHS trusts and CCGs","All known","ONS 2001 6+1","as at Mar 2018","Non-medical","Graduate","Middle (Bands 5-7)","Band 7","114245","114245","100","%"
"Percentage of NHS staff in NHS trusts and CCGs","Asian","ONS 2001 6+1","as at Mar 2018","Non-medical","Graduate","Middle (Bands 5-7)","Band 6","14142","201176","7","%"
"Percentage of NHS staff in NHS trusts and CCGs","Black","ONS 2001 6+1","as at Mar 2018","Non-medical","Graduate","Middle (Bands 5-7)","Band 6","11967","201176","5.9","%"
"Percentage of NHS staff in NHS trusts and CCGs","Chinese","ONS 2001 6+1","as at Mar 2018","Non-medical","Graduate","Middle (Bands 5-7)","Band 6","887","201176","0.4","%"
"Percentage of NHS staff in NHS trusts and CCGs","Mixed","ONS 2001 6+1","as at Mar 2018","Non-medical","Graduate","Middle (Bands 5-7)","Band 6","2894","201176","1.4","%"
"Percentage of NHS staff in NHS trusts and CCGs","White","ONS 2001 6+1","as at Mar 2018","Non-medical","Graduate","Middle (Bands 5-7)","Band 6","167277","201176","83.1","%"
"Percentage of NHS staff in NHS trusts and CCGs","Other","ONS 2001 6+1","as at Mar 2018","Non-medical","Graduate","Middle (Bands 5-7)","Band 6","4009","201176","2","%"
"Percentage of NHS staff in NHS trusts and CCGs","Unknown","ONS 2001 6+1","as at Mar 2018","Non-medical","Graduate","Middle (Bands 5-7)","Band 6","7640","N/A","N/A","%"
"Percentage of NHS staff in NHS trusts and CCGs","All known","ONS 2001 6+1","as at Mar 2018","Non-medical","Graduate","Middle (Bands 5-7)","Band 6","201176","201176","100","%"
"Percentage of NHS staff in NHS trusts and CCGs","Asian","ONS 2001 6+1","as at Mar 2018","Non-medical","Graduate","Middle (Bands 5-7)","Band 5","22963","211335","10.9","%"
"Percentage of NHS staff in NHS trusts and CCGs","Black","ONS 2001 6+1","as at Mar 2018","Non-medical","Graduate","Middle (Bands 5-7)","Band 5","16674","211335","7.9","%"
"Percentage of NHS staff in NHS trusts and CCGs","Chinese","ONS 2001 6+1","as at Mar 2018","Non-medical","Graduate","Middle (Bands 5-7)","Band 5","817","211335","0.4","%"
"Percentage of NHS staff in NHS trusts and CCGs","Mixed","ONS 2001 6+1","as at Mar 2018","Non-medical","Graduate","Middle (Bands 5-7)","Band 5","3541","211335","1.7","%"
"Percentage of NHS staff in NHS trusts and CCGs","White","ONS 2001 6+1","as at Mar 2018","Non-medical","Graduate","Middle (Bands 5-7)","Band 5","160557","211335","76","%"
"Percentage of NHS staff in NHS trusts and CCGs","Other","ONS 2001 6+1","as at Mar 2018","Non-medical","Graduate","Middle (Bands 5-7)","Band 5","6783","211335","3.2","%"
"Percentage of NHS staff in NHS trusts and CCGs","Unknown","ONS 2001 6+1","as at Mar 2018","Non-medical","Graduate","Middle (Bands 5-7)","Band 5","10067","N/A","N/A","%"
"Percentage of NHS staff in NHS trusts and CCGs","All known","ONS 2001 6+1","as at Mar 2018","Non-medical","Graduate","Middle (Bands 5-7)","Band 5","211335","211335","100","%"
"Percentage of NHS staff in NHS trusts and CCGs","Asian","ONS 2001 6+1","as at Mar 2018","Non-medical","Non-graduate","Support (Bands 1-4)","Band 4","5637","92168","6.1","%"
"Percentage of NHS staff in NHS trusts and CCGs","Black","ONS 2001 6+1","as at Mar 2018","Non-medical","Non-graduate","Support (Bands 1-4)","Band 4","4542","92168","4.9","%"
"Percentage of NHS staff in NHS trusts and CCGs","Chinese","ONS 2001 6+1","as at Mar 2018","Non-medical","Non-graduate","Support (Bands 1-4)","Band 4","247","92168","0.3","%"
"Percentage of NHS staff in NHS trusts and CCGs","Mixed","ONS 2001 6+1","as at Mar 2018","Non-medical","Non-graduate","Support (Bands 1-4)","Band 4","1436","92168","1.6","%"
"Percentage of NHS staff in NHS trusts and CCGs","White","ONS 2001 6+1","as at Mar 2018","Non-medical","Non-graduate","Support (Bands 1-4)","Band 4","79340","92168","86.1","%"
"Percentage of NHS staff in NHS trusts and CCGs","Other","ONS 2001 6+1","as at Mar 2018","Non-medical","Non-graduate","Support (Bands 1-4)","Band 4","966","92168","1","%"
"Percentage of NHS staff in NHS trusts and CCGs","Unknown","ONS 2001 6+1","as at Mar 2018","Non-medical","Non-graduate","Support (Bands 1-4)","Band 4","3331","N/A","N/A","%"
"Percentage of NHS staff in NHS trusts and CCGs","All known","ONS 2001 6+1","as at Mar 2018","Non-medical","Non-graduate","Support (Bands 1-4)","Band 4","92168","92168","100","%"
"Percentage of NHS staff in NHS trusts and CCGs","Asian","ONS 2001 6+1","as at Mar 2018","Non-medical","Non-graduate","Support (Bands 1-4)","Band 3","8762","141500","6.2","%"
"Percentage of NHS staff in NHS trusts and CCGs","Black","ONS 2001 6+1","as at Mar 2018","Non-medical","Non-graduate","Support (Bands 1-4)","Band 3","8757","141500","6.2","%"
"Percentage of NHS staff in NHS trusts and CCGs","Chinese","ONS 2001 6+1","as at Mar 2018","Non-medical","Non-graduate","Support (Bands 1-4)","Band 3","269","141500","0.2","%"
"Percentage of NHS staff in NHS trusts and CCGs","Mixed","ONS 2001 6+1","as at Mar 2018","Non-medical","Non-graduate","Support (Bands 1-4)","Band 3","2148","141500","1.5","%"
"Percentage of NHS staff in NHS trusts and CCGs","White","ONS 2001 6+1","as at Mar 2018","Non-medical","Non-graduate","Support (Bands 1-4)","Band 3","119682","141500","84.6","%"
"Percentage of NHS staff in NHS trusts and CCGs","Other","ONS 2001 6+1","as at Mar 2018","Non-medical","Non-graduate","Support (Bands 1-4)","Band 3","1882","141500","1.3","%"
"Percentage of NHS staff in NHS trusts and CCGs","Unknown","ONS 2001 6+1","as at Mar 2018","Non-medical","Non-graduate","Support (Bands 1-4)","Band 3","5741","N/A","N/A","%"
"Percentage of NHS staff in NHS trusts and CCGs","All known","ONS 2001 6+1","as at Mar 2018","Non-medical","Non-graduate","Support (Bands 1-4)","Band 3","141500","141500","100","%"
"Percentage of NHS staff in NHS trusts and CCGs","Asian","ONS 2001 6+1","as at Mar 2018","Non-medical","Non-graduate","Support (Bands 1-4)","Band 2","13732","175976","7.8","%"
"Percentage of NHS staff in NHS trusts and CCGs","Black","ONS 2001 6+1","as at Mar 2018","Non-medical","Non-graduate","Support (Bands 1-4)","Band 2","11002","175976","6.3","%"
"Percentage of NHS staff in NHS trusts and CCGs","Chinese","ONS 2001 6+1","as at Mar 2018","Non-medical","Non-graduate","Support (Bands 1-4)","Band 2","312","175976","0.2","%"
"Percentage of NHS staff in NHS trusts and CCGs","Mixed","ONS 2001 6+1","as at Mar 2018","Non-medical","Non-graduate","Support (Bands 1-4)","Band 2","2799","175976","1.6","%"
"Percentage of NHS staff in NHS trusts and CCGs","White","ONS 2001 6+1","as at Mar 2018","Non-medical","Non-graduate","Support (Bands 1-4)","Band 2","144646","175976","82.2","%"
"Percentage of NHS staff in NHS trusts and CCGs","Other","ONS 2001 6+1","as at Mar 2018","Non-medical","Non-graduate","Support (Bands 1-4)","Band 2","3485","175976","2","%"
"Percentage of NHS staff in NHS trusts and CCGs","Unknown","ONS 2001 6+1","as at Mar 2018","Non-medical","Non-graduate","Support (Bands 1-4)","Band 2","7623","N/A","N/A","%"
"Percentage of NHS staff in NHS trusts and CCGs","All known","ONS 2001 6+1","as at Mar 2018","Non-medical","Non-graduate","Support (Bands 1-4)","Band 2","175976","175976","100","%"
"Percentage of NHS staff in NHS trusts and CCGs","Asian","ONS 2001 6+1","as at Mar 2018","Non-medical","Non-graduate","Support (Bands 1-4)","Band 1","3127","33538","9.3","%"
"Percentage of NHS staff in NHS trusts and CCGs","Black","ONS 2001 6+1","as at Mar 2018","Non-medical","Non-graduate","Support (Bands 1-4)","Band 1","2366","33538","7.1","%"
"Percentage of NHS staff in NHS trusts and CCGs","Chinese","ONS 2001 6+1","as at Mar 2018","Non-medical","Non-graduate","Support (Bands 1-4)","Band 1","66","33538","0.2","%"
"Percentage of NHS staff in NHS trusts and CCGs","Mixed","ONS 2001 6+1","as at Mar 2018","Non-medical","Non-graduate","Support (Bands 1-4)","Band 1","543","33538","1.6","%"
"Percentage of NHS staff in NHS trusts and CCGs","White","ONS 2001 6+1","as at Mar 2018","Non-medical","Non-graduate","Support (Bands 1-4)","Band 1","26712","33538","79.6","%"
"Percentage of NHS staff in NHS trusts and CCGs","Other","ONS 2001 6+1","as at Mar 2018","Non-medical","Non-graduate","Support (Bands 1-4)","Band 1","724","33538","2.2","%"
"Percentage of NHS staff in NHS trusts and CCGs","Unknown","ONS 2001 6+1","as at Mar 2018","Non-medical","Non-graduate","Support (Bands 1-4)","Band 1","1678","N/A","N/A","%"
"Percentage of NHS staff in NHS trusts and CCGs","All known","ONS 2001 6+1","as at Mar 2018","Non-medical","Non-graduate","Support (Bands 1-4)","Band 1","33538","33538","100","%"
"Percentage of NHS staff in NHS trusts and CCGs","Asian","ONS 2001 6+1","as at Mar 2018","Non-medical","Unspecified","Other grade","Other grade","1142","14508","7.9","%"
"Percentage of NHS staff in NHS trusts and CCGs","Black","ONS 2001 6+1","as at Mar 2018","Non-medical","Unspecified","Other grade","Other grade","805","14508","5.5","%"
"Percentage of NHS staff in NHS trusts and CCGs","Chinese","ONS 2001 6+1","as at Mar 2018","Non-medical","Unspecified","Other grade","Other grade","41","14508","0.3","%"
"Percentage of NHS staff in NHS trusts and CCGs","Mixed","ONS 2001 6+1","as at Mar 2018","Non-medical","Unspecified","Other grade","Other grade","255","14508","1.8","%"
"Percentage of NHS staff in NHS trusts and CCGs","White","ONS 2001 6+1","as at Mar 2018","Non-medical","Unspecified","Other grade","Other grade","12076","14508","83.2","%"
"Percentage of NHS staff in NHS trusts and CCGs","Other","ONS 2001 6+1","as at Mar 2018","Non-medical","Unspecified","Other grade","Other grade","189","14508","1.3","%"
"Percentage of NHS staff in NHS trusts and CCGs","Unknown","ONS 2001 6+1","as at Mar 2018","Non-medical","Unspecified","Other grade","Other grade","1439","N/A","N/A","%"
"Percentage of NHS staff in NHS trusts and CCGs","All known","ONS 2001 6+1","as at Mar 2018","Non-medical","Unspecified","Other grade","Other grade","14508","14508","100","%"
"Percentage of NHS staff in NHS trusts and CCGs","Asian","ONS 2001 6+1","as at Mar 2018","Medical","Graduate","Career grade (Senior doctors)","Consultant (including Directors of Public Health)","13108","46633","28.1","%"
"Percentage of NHS staff in NHS trusts and CCGs","Black","ONS 2001 6+1","as at Mar 2018","Medical","Graduate","Career grade (Senior doctors)","Consultant (including Directors of Public Health)","1346","46633","2.9","%"
"Percentage of NHS staff in NHS trusts and CCGs","Chinese","ONS 2001 6+1","as at Mar 2018","Medical","Graduate","Career grade (Senior doctors)","Consultant (including Directors of Public Health)","923","46633","2","%"
"Percentage of NHS staff in NHS trusts and CCGs","Mixed","ONS 2001 6+1","as at Mar 2018","Medical","Graduate","Career grade (Senior doctors)","Consultant (including Directors of Public Health)","1028","46633","2.2","%"
"Percentage of NHS staff in NHS trusts and CCGs","White","ONS 2001 6+1","as at Mar 2018","Medical","Graduate","Career grade (Senior doctors)","Consultant (including Directors of Public Health)","28655","46633","61.4","%"
"Percentage of NHS staff in NHS trusts and CCGs","Other","ONS 2001 6+1","as at Mar 2018","Medical","Graduate","Career grade (Senior doctors)","Consultant (including Directors of Public Health)","1573","46633","3.4","%"
"Percentage of NHS staff in NHS trusts and CCGs","Unknown","ONS 2001 6+1","as at Mar 2018","Medical","Graduate","Career grade (Senior doctors)","Consultant (including Directors of Public Health)","2861","N/A","N/A","%"
"Percentage of NHS staff in NHS trusts and CCGs","All known","ONS 2001 6+1","as at Mar 2018","Medical","Graduate","Career grade (Senior doctors)","Consultant (including Directors of Public Health)","46633","46633","100","%"
"Percentage of NHS staff in NHS trusts and CCGs","Asian","ONS 2001 6+1","as at Mar 2018","Medical","Graduate","Career grade (Senior doctors)","Associate Specialist","874","2128","41.1","%"
"Percentage of NHS staff in NHS trusts and CCGs","Black","ONS 2001 6+1","as at Mar 2018","Medical","Graduate","Career grade (Senior doctors)","Associate Specialist","108","2128","5.1","%"
"Percentage of NHS staff in NHS trusts and CCGs","Chinese","ONS 2001 6+1","as at Mar 2018","Medical","Graduate","Career grade (Senior doctors)","Associate Specialist","16","2128","0.8","%"
"Percentage of NHS staff in NHS trusts and CCGs","Mixed","ONS 2001 6+1","as at Mar 2018","Medical","Graduate","Career grade (Senior doctors)","Associate Specialist","69","2128","3.2","%"
"Percentage of NHS staff in NHS trusts and CCGs","White","ONS 2001 6+1","as at Mar 2018","Medical","Graduate","Career grade (Senior doctors)","Associate Specialist","869","2128","40.8","%"
"Percentage of NHS staff in NHS trusts and CCGs","Other","ONS 2001 6+1","as at Mar 2018","Medical","Graduate","Career grade (Senior doctors)","Associate Specialist","192","2128","9","%"
"Percentage of NHS staff in NHS trusts and CCGs","Unknown","ONS 2001 6+1","as at Mar 2018","Medical","Graduate","Career grade (Senior doctors)","Associate Specialist","136","N/A","N/A","%"
"Percentage of NHS staff in NHS trusts and CCGs","All known","ONS 2001 6+1","as at Mar 2018","Medical","Graduate","Career grade (Senior doctors)","Associate Specialist","2128","2128","100","%"
"Percentage of NHS staff in NHS trusts and CCGs","Asian","ONS 2001 6+1","as at Mar 2018","Medical","Graduate","Career grade (Senior doctors)","Specialty Doctor","3177","7209","44.1","%"
"Percentage of NHS staff in NHS trusts and CCGs","Black","ONS 2001 6+1","as at Mar 2018","Medical","Graduate","Career grade (Senior doctors)","Specialty Doctor","388","7209","5.4","%"
"Percentage of NHS staff in NHS trusts and CCGs","Chinese","ONS 2001 6+1","as at Mar 2018","Medical","Graduate","Career grade (Senior doctors)","Specialty Doctor","63","7209","0.9","%"
"Percentage of NHS staff in NHS trusts and CCGs","Mixed","ONS 2001 6+1","as at Mar 2018","Medical","Graduate","Career grade (Senior doctors)","Specialty Doctor","224","7209","3.1","%"
"Percentage of NHS staff in NHS trusts and CCGs","White","ONS 2001 6+1","as at Mar 2018","Medical","Graduate","Career grade (Senior doctors)","Specialty Doctor","2830","7209","39.3","%"
"Percentage of NHS staff in NHS trusts and CCGs","Other","ONS 2001 6+1","as at Mar 2018","Medical","Graduate","Career grade (Senior doctors)","Specialty Doctor","527","7209","7.3","%"
"Percentage of NHS staff in NHS trusts and CCGs","Unknown","ONS 2001 6+1","as at Mar 2018","Medical","Graduate","Career grade (Senior doctors)","Specialty Doctor","624","N/A","N/A","%"
"Percentage of NHS staff in NHS trusts and CCGs","All known","ONS 2001 6+1","as at Mar 2018","Medical","Graduate","Career grade (Senior doctors)","Specialty Doctor","7209","7209","100","%"
"Percentage of NHS staff in NHS trusts and CCGs","Asian","ONS 2001 6+1","as at Mar 2018","Medical","Graduate","Career grade (Senior doctors)","Staff Grade","127","359","35.4","%"
"Percentage of NHS staff in NHS trusts and CCGs","Black","ONS 2001 6+1","as at Mar 2018","Medical","Graduate","Career grade (Senior doctors)","Staff Grade","29","359","8.1","%"
"Percentage of NHS staff in NHS trusts and CCGs","Chinese","ONS 2001 6+1","as at Mar 2018","Medical","Graduate","Career grade (Senior doctors)","Staff Grade","12","359","3.3","%"
"Percentage of NHS staff in NHS trusts and CCGs","Mixed","ONS 2001 6+1","as at Mar 2018","Medical","Graduate","Career grade (Senior doctors)","Staff Grade","15","359","4.2","%"
"Percentage of NHS staff in NHS trusts and CCGs","White","ONS 2001 6+1","as at Mar 2018","Medical","Graduate","Career grade (Senior doctors)","Staff Grade","154","359","42.9","%"
"Percentage of NHS staff in NHS trusts and CCGs","Other","ONS 2001 6+1","as at Mar 2018","Medical","Graduate","Career grade (Senior doctors)","Staff Grade","22","359","6.1","%"
"Percentage of NHS staff in NHS trusts and CCGs","Unknown","ONS 2001 6+1","as at Mar 2018","Medical","Graduate","Career grade (Senior doctors)","Staff Grade","35","N/A","N/A","%"
"Percentage of NHS staff in NHS trusts and CCGs","All known","ONS 2001 6+1","as at Mar 2018","Medical","Graduate","Career grade (Senior doctors)","Staff Grade","359","359","100","%"
"Percentage of NHS staff in NHS trusts and CCGs","Asian","ONS 2001 6+1","as at Mar 2018","Medical","Graduate","Training and equivalent (Junior doctors)","Specialty Registrar","7992","27707","28.8","%"
"Percentage of NHS staff in NHS trusts and CCGs","Black","ONS 2001 6+1","as at Mar 2018","Medical","Graduate","Training and equivalent (Junior doctors)","Specialty Registrar","1567","27707","5.7","%"
"Percentage of NHS staff in NHS trusts and CCGs","Chinese","ONS 2001 6+1","as at Mar 2018","Medical","Graduate","Training and equivalent (Junior doctors)","Specialty Registrar","954","27707","3.4","%"
"Percentage of NHS staff in NHS trusts and CCGs","Mixed","ONS 2001 6+1","as at Mar 2018","Medical","Graduate","Training and equivalent (Junior doctors)","Specialty Registrar","1088","27707","3.9","%"
"Percentage of NHS staff in NHS trusts and CCGs","White","ONS 2001 6+1","as at Mar 2018","Medical","Graduate","Training and equivalent (Junior doctors)","Specialty Registrar","14865","27707","53.7","%"
"Percentage of NHS staff in NHS trusts and CCGs","Other","ONS 2001 6+1","as at Mar 2018","Medical","Graduate","Training and equivalent (Junior doctors)","Specialty Registrar","1241","27707","4.5","%"
"Percentage of NHS staff in NHS trusts and CCGs","Unknown","ONS 2001 6+1","as at Mar 2018","Medical","Graduate","Training and equivalent (Junior doctors)","Specialty Registrar","3130","N/A","N/A","%"
"Percentage of NHS staff in NHS trusts and CCGs","All known","ONS 2001 6+1","as at Mar 2018","Medical","Graduate","Training and equivalent (Junior doctors)","Specialty Registrar","27707","27707","100","%"
"Percentage of NHS staff in NHS trusts and CCGs","Asian","ONS 2001 6+1","as at Mar 2018","Medical","Graduate","Training and equivalent (Junior doctors)","Core Training","2616","9345","28","%"
"Percentage of NHS staff in NHS trusts and CCGs","Black","ONS 2001 6+1","as at Mar 2018","Medical","Graduate","Training and equivalent (Junior doctors)","Core Training","568","9345","6.1","%"
"Percentage of NHS staff in NHS trusts and CCGs","Chinese","ONS 2001 6+1","as at Mar 2018","Medical","Graduate","Training and equivalent (Junior doctors)","Core Training","321","9345","3.4","%"
"Percentage of NHS staff in NHS trusts and CCGs","Mixed","ONS 2001 6+1","as at Mar 2018","Medical","Graduate","Training and equivalent (Junior doctors)","Core Training","403","9345","4.3","%"
"Percentage of NHS staff in NHS trusts and CCGs","White","ONS 2001 6+1","as at Mar 2018","Medical","Graduate","Training and equivalent (Junior doctors)","Core Training","5019","9345","53.7","%"
"Percentage of NHS staff in NHS trusts and CCGs","Other","ONS 2001 6+1","as at Mar 2018","Medical","Graduate","Training and equivalent (Junior doctors)","Core Training","418","9345","4.5","%"
"Percentage of NHS staff in NHS trusts and CCGs","Unknown","ONS 2001 6+1","as at Mar 2018","Medical","Graduate","Training and equivalent (Junior doctors)","Core Training","952","N/A","N/A","%"
"Percentage of NHS staff in NHS trusts and CCGs","All known","ONS 2001 6+1","as at Mar 2018","Medical","Graduate","Training and equivalent (Junior doctors)","Core Training","9345","9345","100","%"
"Percentage of NHS staff in NHS trusts and CCGs","Asian","ONS 2001 6+1","as at Mar 2018","Medical","Graduate","Training and equivalent (Junior doctors)","Foundation Doctor Year 2","1420","5765","24.6","%"
"Percentage of NHS staff in NHS trusts and CCGs","Black","ONS 2001 6+1","as at Mar 2018","Medical","Graduate","Training and equivalent (Junior doctors)","Foundation Doctor Year 2","257","5765","4.5","%"
"Percentage of NHS staff in NHS trusts and CCGs","Chinese","ONS 2001 6+1","as at Mar 2018","Medical","Graduate","Training and equivalent (Junior doctors)","Foundation Doctor Year 2","179","5765","3.1","%"
"Percentage of NHS staff in NHS trusts and CCGs","Mixed","ONS 2001 6+1","as at Mar 2018","Medical","Graduate","Training and equivalent (Junior doctors)","Foundation Doctor Year 2","239","5765","4.1","%"
"Percentage of NHS staff in NHS trusts and CCGs","White","ONS 2001 6+1","as at Mar 2018","Medical","Graduate","Training and equivalent (Junior doctors)","Foundation Doctor Year 2","3465","5765","60.1","%"
"Percentage of NHS staff in NHS trusts and CCGs","Other","ONS 2001 6+1","as at Mar 2018","Medical","Graduate","Training and equivalent (Junior doctors)","Foundation Doctor Year 2","205","5765","3.6","%"
"Percentage of NHS staff in NHS trusts and CCGs","Unknown","ONS 2001 6+1","as at Mar 2018","Medical","Graduate","Training and equivalent (Junior doctors)","Foundation Doctor Year 2","805","N/A","N/A","%"
"Percentage of NHS staff in NHS trusts and CCGs","All known","ONS 2001 6+1","as at Mar 2018","Medical","Graduate","Training and equivalent (Junior doctors)","Foundation Doctor Year 2","5765","5765","100","%"
"Percentage of NHS staff in NHS trusts and CCGs","Asian","ONS 2001 6+1","as at Mar 2018","Medical","Graduate","Training and equivalent (Junior doctors)","Foundation Doctor Year 1","1174","5531","21.2","%"
"Percentage of NHS staff in NHS trusts and CCGs","Black","ONS 2001 6+1","as at Mar 2018","Medical","Graduate","Training and equivalent (Junior doctors)","Foundation Doctor Year 1","213","5531","3.9","%"
"Percentage of NHS staff in NHS trusts and CCGs","Chinese","ONS 2001 6+1","as at Mar 2018","Medical","Graduate","Training and equivalent (Junior doctors)","Foundation Doctor Year 1","231","5531","4.2","%"
"Percentage of NHS staff in NHS trusts and CCGs","Mixed","ONS 2001 6+1","as at Mar 2018","Medical","Graduate","Training and equivalent (Junior doctors)","Foundation Doctor Year 1","244","5531","4.4","%"
"Percentage of NHS staff in NHS trusts and CCGs","White","ONS 2001 6+1","as at Mar 2018","Medical","Graduate","Training and equivalent (Junior doctors)","Foundation Doctor Year 1","3505","5531","63.4","%"
"Percentage of NHS staff in NHS trusts and CCGs","Other","ONS 2001 6+1","as at Mar 2018","Medical","Graduate","Training and equivalent (Junior doctors)","Foundation Doctor Year 1","164","5531","3","%"
"Percentage of NHS staff in NHS trusts and CCGs","Unknown","ONS 2001 6+1","as at Mar 2018","Medical","Graduate","Training and equivalent (Junior doctors)","Foundation Doctor Year 1","651","N/A","N/A","%"
"Percentage of NHS staff in NHS trusts and CCGs","All known","ONS 2001 6+1","as at Mar 2018","Medical","Graduate","Training and equivalent (Junior doctors)","Foundation Doctor Year 1","5531","5531","100","%"
"Percentage of NHS staff in NHS trusts and CCGs","Asian","ONS 2001 6+1","as at Mar 2018","Medical","Graduate","Other doctor grades","Hospital Practitioner / Clinical Assistant","269","1532","17.6","%"
"Percentage of NHS staff in NHS trusts and CCGs","Black","ONS 2001 6+1","as at Mar 2018","Medical","Graduate","Other doctor grades","Hospital Practitioner / Clinical Assistant","25","1532","1.6","%"
"Percentage of NHS staff in NHS trusts and CCGs","Chinese","ONS 2001 6+1","as at Mar 2018","Medical","Graduate","Other doctor grades","Hospital Practitioner / Clinical Assistant","8","1532","0.5","%"
"Percentage of NHS staff in NHS trusts and CCGs","Mixed","ONS 2001 6+1","as at Mar 2018","Medical","Graduate","Other doctor grades","Hospital Practitioner / Clinical Assistant","23","1532","1.5","%"
"Percentage of NHS staff in NHS trusts and CCGs","White","ONS 2001 6+1","as at Mar 2018","Medical","Graduate","Other doctor grades","Hospital Practitioner / Clinical Assistant","1181","1532","77.1","%"
"Percentage of NHS staff in NHS trusts and CCGs","Other","ONS 2001 6+1","as at Mar 2018","Medical","Graduate","Other doctor grades","Hospital Practitioner / Clinical Assistant","26","1532","1.7","%"
"Percentage of NHS staff in NHS trusts and CCGs","Unknown","ONS 2001 6+1","as at Mar 2018","Medical","Graduate","Other doctor grades","Hospital Practitioner / Clinical Assistant","215","N/A","N/A","%"
"Percentage of NHS staff in NHS trusts and CCGs","All known","ONS 2001 6+1","as at Mar 2018","Medical","Graduate","Other doctor grades","Hospital Practitioner / Clinical Assistant","1532","1532","100","%"
"Percentage of NHS staff in NHS trusts and CCGs","Asian","ONS 2001 6+1","as at Mar 2018","Medical","Graduate","Other doctor grades","Other and Local Hospital and Community Health Services Doctor Grades","273","1201","22.7","%"
"Percentage of NHS staff in NHS trusts and CCGs","Black","ONS 2001 6+1","as at Mar 2018","Medical","Graduate","Other doctor grades","Other and Local Hospital and Community Health Services Doctor Grades","28","1201","2.3","%"
"Percentage of NHS staff in NHS trusts and CCGs","Chinese","ONS 2001 6+1","as at Mar 2018","Medical","Graduate","Other doctor grades","Other and Local Hospital and Community Health Services Doctor Grades","19","1201","1.6","%"
"Percentage of NHS staff in NHS trusts and CCGs","Mixed","ONS 2001 6+1","as at Mar 2018","Medical","Graduate","Other doctor grades","Other and Local Hospital and Community Health Services Doctor Grades","35","1201","2.9","%"
"Percentage of NHS staff in NHS trusts and CCGs","White","ONS 2001 6+1","as at Mar 2018","Medical","Graduate","Other doctor grades","Other and Local Hospital and Community Health Services Doctor Grades","817","1201","68","%"
"Percentage of NHS staff in NHS trusts and CCGs","Other","ONS 2001 6+1","as at Mar 2018","Medical","Graduate","Other doctor grades","Other and Local Hospital and Community Health Services Doctor Grades","29","1201","2.4","%"
"Percentage of NHS staff in NHS trusts and CCGs","Unknown","ONS 2001 6+1","as at Mar 2018","Medical","Graduate","Other doctor grades","Other and Local Hospital and Community Health Services Doctor Grades","119","N/A","N/A","%"
"Percentage of NHS staff in NHS trusts and CCGs","All known","ONS 2001 6+1","as at Mar 2018","Medical","Graduate","Other doctor grades","Other and Local Hospital and Community Health Services Doctor Grades","1201","1201","100","%"
